{
  "step": [
    1,
    2,
    3,
    4,
    5,
    6,
    7,
    8,
    9,
    10,
    11,
    12,
    13,
    14,
    15,
    16,
    17,
    18,
    19,
    20,
    21,
    22,
    23,
    24,
    25,
    26,
    27,
    28,
    29,
    30,
    31,
    32,
    33,
    34,
    35,
    36,
    37,
    38,
    39,
    40,
    41,
    42,
    43,
    44,
    45,
    46,
    47,
    48,
    49,
    50,
    51,
    52,
    53,
    54,
    55,
    56,
    57,
    58,
    59,
    60,
    61,
    62,
    63,
    64,
    65,
    66,
    67,
    68,
    69,
    70,
    71,
    72,
    73,
    74,
    75,
    76,
    77,
    78,
    79,
    80,
    81,
    82,
    83,
    84,
    85,
    86,
    87,
    88,
    89,
    90,
    91,
    92,
    93,
    94,
    95,
    96,
    97,
    98,
    99,
    100
  ],
  "loss/task": [
    6.2259907722473145,
    6.239016532897949,
    6.233920574188232,
    6.252587795257568,
    6.26280403137207,
    6.2329888343811035,
    6.236605644226074,
    6.24100923538208,
    6.2278828620910645,
    6.277540683746338,
    6.267406463623047,
    6.261939525604248,
    6.235823631286621,
    6.24188232421875,
    6.242242813110352,
    6.245809555053711,
    6.225158214569092,
    6.2569661140441895,
    6.250877380371094,
    6.252137184143066,
    6.262842655181885,
    6.2662811279296875,
    6.251033306121826,
    6.235291481018066,
    6.218474388122559,
    6.244455337524414,
    6.211438179016113,
    6.2538299560546875,
    6.275448322296143,
    6.261810302734375,
    6.2685723304748535,
    6.190321445465088,
    6.290666580200195,
    6.24492073059082,
    6.265070915222168,
    6.217471599578857,
    6.295708656311035,
    6.275696754455566,
    6.196684837341309,
    6.208618640899658,
    6.260432720184326,
    6.292311668395996,
    6.2852559089660645,
    6.2767863273620605,
    6.359732627868652,
    6.355000019073486,
    6.266923904418945,
    6.3003082275390625,
    6.265697002410889,
    6.243201732635498,
    6.248073577880859,
    6.343202590942383,
    6.280869483947754,
    6.227436065673828,
    6.231621742248535,
    6.278257846832275,
    6.184122562408447,
    6.181454181671143,
    6.258299350738525,
    6.212576389312744,
    6.2984137535095215,
    6.262815475463867,
    6.326543807983398,
    6.301304340362549,
    6.3297224044799805,
    6.220634460449219,
    6.216075420379639,
    6.282126426696777,
    6.216080188751221,
    6.393650531768799,
    6.220028400421143,
    6.2796220779418945,
    6.302075386047363,
    6.266042709350586,
    6.2887163162231445,
    6.270277976989746,
    6.332181453704834,
    6.392437934875488,
    6.216594696044922,
    6.266312599182129,
    6.281466007232666,
    6.325714111328125,
    6.265867233276367,
    6.272708415985107,
    6.323488235473633,
    6.2648749351501465,
    6.241634368896484,
    6.194244384765625,
    6.241542339324951,
    6.280494213104248,
    6.241233825683594,
    6.24215841293335,
    6.387979984283447,
    6.184117794036865,
    6.325720310211182,
    6.2111968994140625,
    6.179520130157471,
    6.209085464477539,
    6.265557765960693,
    6.262589454650879
  ],
  "loss/aux": [
    164.1367950439453,
    161.1357421875,
    160.9976043701172,
    160.4215850830078,
    162.98670959472656,
    161.8755340576172,
    164.0998992919922,
    160.36659240722656,
    164.1444549560547,
    161.051025390625,
    160.34742736816406,
    155.11351013183594,
    149.03700256347656,
    153.79417419433594,
    150.65670776367188,
    153.4805145263672,
    149.72564697265625,
    155.61965942382812,
    153.14527893066406,
    154.7045440673828,
    152.7062225341797,
    155.2966766357422,
    148.485595703125,
    150.51817321777344,
    153.91590881347656,
    152.4315643310547,
    148.8925323486328,
    144.6129913330078,
    144.84848022460938,
    146.7487335205078,
    140.25823974609375,
    147.385009765625,
    145.33433532714844,
    144.1438446044922,
    141.4904022216797,
    136.91476440429688,
    143.81802368164062,
    144.82626342773438,
    143.0469970703125,
    136.17393493652344,
    130.20989990234375,
    137.15232849121094,
    133.34027099609375,
    138.22647094726562,
    138.84030151367188,
    133.65243530273438,
    126.74513244628906,
    127.89144897460938,
    123.23934936523438,
    127.64404296875,
    123.99554443359375,
    125.4646224975586,
    120.78702545166016,
    124.18576049804688,
    113.6130142211914,
    118.66856384277344,
    114.8503189086914,
    117.8194351196289,
    120.89557647705078,
    105.95825958251953,
    112.48664855957031,
    104.05304718017578,
    106.31103515625,
    106.40936279296875,
    106.2227554321289,
    101.68781280517578,
    107.67195892333984,
    104.71924591064453,
    102.10676574707031,
    104.58389282226562,
    93.12200927734375,
    102.14280700683594,
    93.52269744873047,
    97.51136779785156,
    93.86566925048828,
    96.05358123779297,
    88.74533081054688,
    104.2648696899414,
    91.46185302734375,
    92.04989624023438,
    90.5148696899414,
    90.75596618652344,
    91.55305480957031,
    94.8192367553711,
    88.53714752197266,
    93.49505615234375,
    89.808349609375,
    84.10213470458984,
    88.46073913574219,
    94.30677795410156,
    90.09487915039062,
    101.11206817626953,
    95.68226623535156,
    92.52938079833984,
    88.22177124023438,
    88.40198516845703,
    93.01033782958984,
    78.17546844482422,
    88.30672454833984,
    87.38143157958984
  ],
  "loss/total": [
    170.36278581619263,
    167.37475872039795,
    167.23152494430542,
    166.67417287826538,
    169.24951362609863,
    168.1085228919983,
    170.33650493621826,
    166.60760164260864,
    170.37233781814575,
    167.32856607437134,
    166.6148338317871,
    161.37544965744019,
    155.27282619476318,
    160.0360565185547,
    156.89895057678223,
    159.7263240814209,
    155.95080518722534,
    161.87662553787231,
    159.39615631103516,
    160.95668125152588,
    158.96906518936157,
    161.56295776367188,
    154.73662900924683,
    156.7534646987915,
    160.13438320159912,
    158.6760196685791,
    155.10397052764893,
    150.8668212890625,
    151.12392854690552,
    153.0105438232422,
    146.5268120765686,
    153.5753312110901,
    151.62500190734863,
    150.388765335083,
    147.75547313690186,
    143.13223600387573,
    150.11373233795166,
    151.10196018218994,
    149.2436819076538,
    142.3825535774231,
    136.47033262252808,
    143.44464015960693,
    139.62552690505981,
    144.50325727462769,
    145.20003414154053,
    140.00743532180786,
    133.012056350708,
    134.19175720214844,
    129.50504636764526,
    133.8872447013855,
    130.2436180114746,
    131.80782508850098,
    127.06789493560791,
    130.4131965637207,
    119.84463596343994,
    124.94682168960571,
    121.03444147109985,
    124.00088930130005,
    127.1538758277893,
    112.17083597183228,
    118.78506231307983,
    110.31586265563965,
    112.6375789642334,
    112.7106671333313,
    112.55247783660889,
    107.908447265625,
    113.88803434371948,
    111.00137233734131,
    108.32284593582153,
    110.97754335403442,
    99.34203767776489,
    108.42242908477783,
    99.82477283477783,
    103.77741050720215,
    100.15438556671143,
    102.32385921478271,
    95.07751226425171,
    110.6573076248169,
    97.67844772338867,
    98.3162088394165,
    96.79633569717407,
    97.08168029785156,
    97.81892204284668,
    101.0919451713562,
    94.86063575744629,
    99.7599310874939,
    96.04998397827148,
    90.29637908935547,
    94.70228147506714,
    100.58727216720581,
    96.33611297607422,
    107.35422658920288,
    102.07024621963501,
    98.71349859237671,
    94.54749155044556,
    94.6131820678711,
    99.18985795974731,
    84.38455390930176,
    94.57228231430054,
    93.64402103424072
  ],