{
  "step": [
    1,
    2,
    3,
    4,
    5,
    6,
    7,
    8,
    9,
    10,
    11,
    12,
    13,
    14,
    15,
    16,
    17,
    18,
    19,
    20,
    21,
    22,
    23,
    24,
    25,
    26,
    27,
    28,
    29,
    30,
    31,
    32,
    33,
    34,
    35,
    36,
    37,
    38,
    39,
    40,
    41,
    42,
    43,
    44,
    45,
    46,
    47,
    48,
    49,
    50,
    51,
    52,
    53,
    54,
    55,
    56,
    57,
    58,
    59,
    60,
    61,
    62,
    63,
    64,
    65,
    66,
    67,
    68,
    69,
    70,
    71,
    72,
    73,
    74,
    75,
    76,
    77,
    78,
    79,
    80,
    81,
    82,
    83,
    84,
    85,
    86,
    87,
    88,
    89,
    90,
    91,
    92,
    93,
    94,
    95,
    96,
    97,
    98,
    99,
    100
  ],
  "loss/task": [
    6.228942394256592,
    6.236602783203125,
    6.231333255767822,
    6.252079486846924,
    6.260228633880615,
    6.24089241027832,
    6.230684757232666,
    6.238822937011719,
    6.2286787033081055,
    6.274548053741455,
    6.265714168548584,
    6.264917850494385,
    6.236644268035889,
    6.250051021575928,
    6.2382612228393555,
    6.247915744781494,
    6.218099594116211,
    6.241847991943359,
    6.251411437988281,
    6.2552032470703125,
    6.2450151443481445,
    6.262086868286133,
    6.25910758972168,
    6.228557109832764,
    6.216340065002441,
    6.234686851501465,
    6.222589492797852,
    6.2202019691467285,
    6.258984565734863,
    6.283234119415283,
    6.215085506439209,
    6.236845970153809,
    6.1834187507629395,
    6.253602504730225,
    6.238713264465332,
    6.249207019805908,
    6.262463092803955,
    6.2259602546691895,
    6.264881134033203,
    6.270911693572998,
    6.207672595977783,
    6.235893249511719,
    6.232585430145264,
    6.323882579803467,
    6.249525547027588,
    6.2804341316223145,
    6.206992149353027,
    6.170166015625,
    6.240930080413818,
    6.277496337890625,
    6.2841949462890625,
    6.22545051574707,
    6.204453468322754,
    6.271824359893799,
    6.224608421325684,
    6.249040126800537,
    6.250072002410889,
    6.175418376922607,
    6.270763874053955,
    6.221283912658691,
    6.205257892608643,
    6.1742095947265625,
    6.197628021240234,
    6.2981390953063965,
    6.243602275848389,
    6.2460784912109375,
    6.236294269561768,
    6.2601399421691895,
    6.176843166351318,
    6.227067947387695,
    6.214179992675781,
    6.243990898132324,
    6.21437406539917,
    6.267691135406494,
    6.242656707763672,
    6.299172878265381,
    6.21539306640625,
    6.274980068206787,
    6.260622501373291,
    6.220972537994385,
    6.2491230964660645,
    6.192683219909668,
    6.224472999572754,
    6.249372482299805,
    6.222404479980469,
    6.225202560424805,
    6.226130962371826,
    6.225423812866211,
    6.2582268714904785,
    6.249899387359619,
    6.297406196594238,
    6.284485340118408,
    6.277249336242676,
    6.238361835479736,
    6.21096134185791,
    6.195062160491943,
    6.235745906829834,
    6.217887878417969,
    6.245920181274414,
    6.215030193328857
  ],
  "loss/aux": [
    0.0,
    0.0,
    0.0,
    0.0,
    0.0,
    0.0,
    0.0,
    0.0,
    0.0,
    0.0,
    0.0,
    0.0,
    0.0,
    0.0,
    0.0,
    0.0,
    0.0,
    0.0,
    0.0,
    0.0,
    0.0,
    0.0,
    0.0,
    0.0,
    0.0,
    0.0,
    0.0,
    0.0,
    0.0,
    0.0,
    0.0,
    0.0,
    0.0,
    0.0,
    0.0,
    0.0,
    0.0,
    0.0,
    0.0,
    0.0,
    0.0,
    0.0,
    0.0,
    0.0,
    0.0,
    0.0,
    0.0,
    0.0,
    0.0,
    0.0,
    0.0,
    0.0,
    0.0,
    0.0,
    0.0,
    0.0,
    0.0,
    0.0,
    0.0,
    0.0,
    0.0,
    0.0,
    0.0,
    0.0,
    0.0,
    0.0,
    0.0,
    0.0,
    0.0,
    0.0,
    0.0,
    0.0,
    0.0,
    0.0,
    0.0,
    0.0,
    0.0,
    0.0,
    0.0,
    0.0,
    0.0,
    0.0,
    0.0,
    0.0,
    0.0,
    0.0,
    0.0,
    0.0,
    0.0,
    0.0,
    0.0,
    0.0,
    0.0,
    0.0,
    0.0,
    0.0,
    0.0,
    0.0,
    0.0,
    0.0
  ],
  "loss/total": [
    6.228942394256592,
    6.236602783203125,
    6.231333255767822,
    6.252079486846924,
    6.260228633880615,
    6.24089241027832,
    6.230684757232666,
    6.238822937011719,
    6.2286787033081055,
    6.274548053741455,
    6.265714168548584,
    6.264917850494385,
    6.236644268035889,
    6.250051021575928,
    6.2382612228393555,
    6.247915744781494,
    6.218099594116211,
    6.241847991943359,
    6.251411437988281,
    6.2552032470703125,
    6.2450151443481445,
    6.262086868286133,
    6.25910758972168,
    6.228557109832764,
    6.216340065002441,
    6.234686851501465,
    6.222589492797852,
    6.2202019691467285,
    6.258984565734863,
    6.283234119415283,
    6.215085506439209,
    6.236845970153809,
    6.1834187507629395,
    6.253602504730225,
    6.238713264465332,
    6.249207019805908,
    6.262463092803955,
    6.2259602546691895,
    6.264881134033203,
    6.270911693572998,
    6.207672595977783,
    6.235893249511719,
    6.232585430145264,
    6.323882579803467,
    6.249525547027588,
    6.2804341316223145,
    6.206992149353027,
    6.170166015625,
    6.240930080413818,
    6.277496337890625,
    6.2841949462890625,
    6.22545051574707,
    6.204453468322754,
    6.271824359893799,
    6.224608421325684,
    6.249040126800537,
    6.250072002410889,
    6.175418376922607,
    6.270763874053955,
    6.221283912658691,
    6.205257892608643,
    6.1742095947265625,
    6.197628021240234,
    6.2981390953063965,
    6.243602275848389,
    6.2460784912109375,
    6.236294269561768,
    6.2601399421691895,
    6.176843166351318,
    6.227067947387695,
    6.214179992675781,
    6.243990898132324,
    6.21437406539917,
    6.267691135406494,
    6.242656707763672,
    6.299172878265381,
    6.21539306640625,
    6.274980068206787,
    6.260622501373291,
    6.220972537994385,
    6.2491230964660645,
    6.192683219909668,
    6.224472999572754,
    6.249372482299805,
    6.222404479980469,
    6.225202560424805,
    6.226130962371826,
    6.225423812866211,
    6.2582268714904785,
    6.249899387359619,
    6.297406196594238,
    6.284485340118408,
    6.277249336242676,
    6.238361835479736,
    6.21096134185791,
    6.195062160491943,
    6.235745906829834,
    6.217887878417969,
    6.245920181274414,
    6.215030193328857
  ],