{
  "loss/train": [
    5.552020072937012,
    6.150882720947266,
    5.4790472984313965,
    5.472116470336914,
    5.786400318145752,
    5.368956565856934,
    5.776856899261475,
    6.107278823852539,
    5.533323287963867,
    5.108718395233154,
    5.728207588195801,
    5.461115837097168,
    5.81612491607666,
    5.670906066894531,
    5.6212592124938965,
    5.253300189971924,
    5.519275188446045,
    5.346672058105469,
    5.330449104309082,
    5.593169212341309,
    5.4612250328063965,
    5.755549430847168,
    5.151125907897949,
    5.6989054679870605,
    5.642282009124756,
    5.501797676086426,
    6.023571491241455,
    5.372635841369629,
    6.345674514770508,
    5.190362930297852,
    5.585840225219727,
    5.967769622802734,
    5.725081920623779,
    5.80999755859375,
    5.832827091217041,
    5.517096996307373,
    5.348135948181152,
    5.884142875671387,
    5.4852070808410645,
    5.801231384277344
  ],
  "loss/aux": [
    0.08605892956256866,
    0.1365594118833542,
    0.1620342880487442,
    0.12097868323326111,
    0.10935622453689575,
    0.1328088790178299,
    0.10985661298036575,
    0.08415170758962631,
    0.1114485114812851,
    0.06878157705068588,
    0.115997314453125,
    0.12930956482887268,
    0.09509042650461197,
    0.12173575162887573,
    0.12497709691524506,
    0.11239025741815567,
    0.09040550887584686,
    0.09081955254077911,
    0.1315814107656479,
    0.10971572995185852,
    0.1087033748626709,
    0.15211932361125946,
    0.18839982151985168,
    0.143476665019989,
    0.15563783049583435,
    0.13269802927970886,
    0.11993496119976044,
    0.15735560655593872,
    0.20024625957012177,
    0.09689538180828094,
    0.22082027792930603,
    0.11469023674726486,
    0.16275452077388763,
    0.12221339344978333,
    0.20314443111419678,
    0.24702602624893188,
    0.14342224597930908,
    0.17258517444133759,
    0.19929192960262299,
    0.17800790071487427
  ],
  "loss/total": [
    5.6380791664123535,
    6.287442207336426,
    5.641081809997559,
    5.593095302581787,
    5.895756721496582,
    5.501765251159668,
    5.88671350479126,
    6.191430568695068,
    5.644771575927734,
    5.177499771118164,
    5.844204902648926,
    5.590425491333008,
    5.911215305328369,
    5.792641639709473,
    5.746236324310303,
    5.365690231323242,
    5.609680652618408,
    5.437491416931152,
    5.462030410766602,
    5.702885150909424,
    5.569928169250488,
    5.907668590545654,
    5.3395256996154785,
    5.842381954193115,
    5.797919750213623,
    5.634495735168457,
    6.1435065269470215,
    5.529991626739502,
    6.5459208488464355,
    5.287258148193359,
    5.8066606521606445,
    6.082459926605225,
    5.887836456298828,
    5.932210922241211,
    6.035971641540527,
    5.76412296295166,
    5.491558074951172,
    6.056727886199951,
    5.6844987869262695,
    5.979239463806152
  ],
  "lr": [
    0.0001,
    0.0002,
    0.0003,
    0.0004,
    0.0005,
    0.0006,
    0.0007,
    0.0008,
    0.0009000000000000001,
    0.001,
    0.0009972609476841367,
    0.0009890738003669028,
    0.0009755282581475768,
    0.0009567727288213005,
    0.0009330127018922195,
    0.0009045084971874737,
    0.0008715724127386971,
    0.0008345653031794292,
    0.0007938926261462366,
    0.00075,
    0.0007033683215379002,
    0.0006545084971874737,
    0.0006039558454088796,
    0.0005522642316338268,
    0.0005,
    0.00044773576836617336,
    0.0003960441545911204,
    0.00034549150281252633,
    0.0002966316784620999,
    0.0002500000000000001,
    0.00020610737385376348,
    0.00016543469682057105,
    0.00012842758726130281,
    0.0001,
    0.0001,
    0.0001,
    0.0001,
    0.0001,
    0.0001,
    0.0001
  ],
  "util/cv_sq": [
    0.0520096336877105,
    0.014468175781639003
  ],
  "util/balance_ratio": [
    2.5569849014282227,
    1.7421996593475342
  ],
  "util/util_max": [
    0.049107875674963,
    0.04092717543244362
  ],
  "util/util_min": [
    0.019205383956432343,
    0.023491667583584785
  ],
  "util/util_std": [
    0.007126756478101015,
    0.003758866572752595
  ],
  "util/num_under": [
    0,
    0
  ],
  "util/num_over": [
    0,
    0
  ],
  "util/long_tail": [
    0,
    0
  ],
  "routing/force_ratio": [
    0.0,
    0.0
  ],
  "routing/redirect_ratio": [
    0.0,
    0.0
  ],
  "routing/both_ratio": [
    0.0,
    0.0
  ],
  "routing/normal_ratio": [
    1.0,
    1.0
  ],
  "routing/unique_experts": [
    29,
    27
  ]
}